time,latitude,longitude,depth,mag,magType,nst,gap,dmin,rms,net,id,updated,place,type,horizontalError,depthError,magError,magNst,status,locationSource,magSource
2023-02-21T16:06:49.627Z,36.2043,36.0917,10,4.2,mb,38,218,1.319,0.77,us,us6000jqkr,2023-02-21T17:13:49.085Z,"1 km ESE of Toygarl?, Turkey",earthquake,4.28,1.957,0.146,13,reviewed,us,us
2023-02-21T10:09:37.306Z,37.4007,37.2639,10,4.2,mb,15,103,0.232,0.3,us,us6000jqim,2023-02-21T16:10:53.040Z,"10 km SSW of Pazarc?k, Turkey",earthquake,3.02,1.957,0.264,4,reviewed,us,us
2023-02-21T09:56:46.321Z,38.2522,38.6518,10,4.1,mb,52,56,0.821,1.31,us,us6000jqil,2023-02-21T11:58:05.040Z,"24 km N of Sincik, Turkey",earthquake,5.43,1.941,0.127,18,reviewed,us,us
2023-02-20T23:21:14.375Z,38.0082,37.3722,10,4.3,mwr,92,36,0.626,0.81,us,us6000jqft,2023-02-21T06:06:23.818Z,"7 km NW of Nurhak, Turkey",earthquake,4.15,1.898,0.062,25,reviewed,us,us
2023-02-20T19:09:21.462Z,36.2966,36.1291,10,4.1,mb,31,194,1.232,0.91,us,us6000jqdp,2023-02-21T12:46:56.718Z,"4 km NNW of Kuzeytepe, Turkey",earthquake,7.06,1.99,0.197,7,reviewed,us,us
2023-02-20T19:00:14.022Z,36.067,35.9856,10,4.2,mb,45,99,1.479,1.06,us,us6000jqdn,2023-02-20T21:43:23.040Z,"9 km SSW of Uzunba?, Turkey",earthquake,6.55,1.944,0.121,19,reviewed,us,us
2023-02-20T17:07:35.745Z,36.1491,35.9086,10,5.5,mb,37,88,1.462,0.97,us,us6000jqjc,2023-02-21T19:41:02.691Z,"Central Turkey",earthquake,5.55,1.871,0.128,21,reviewed,us,us
2023-02-20T17:04:29.441Z,36.1094,36.0165,16,6.3,mww,140,26,1.43,1.18,us,us6000jqcn,2023-02-22T15:26:42.806Z,"3 km SSW of Uzunba?, Turkey",earthquake,5.41,1.504,0.031,97,reviewed,us,us
2023-02-20T03:45:38.572Z,38.6708,39.9482,7.526,4.3,mb,47,62,1.327,0.5,us,us6000jq85,2023-02-20T22:14:02.364Z,"3 km SE of Palu, Turkey",earthquake,3.47,1.56,0.095,31,reviewed,us,us
2023-02-20T01:48:59.785Z,37.9658,36.8106,10,4.3,mb,64,52,0.465,1.2,us,us6000jq7l,2023-02-20T02:02:25.040Z,"28 km ESE of Göksun, Turkey",earthquake,5.75,1.922,0.078,47,reviewed,us,us
2023-02-20T01:07:38.336Z,38.6477,40.0047,11.378,4.4,mb,48,82,1.377,0.9,us,us6000jq7e,2023-02-20T03:56:14.040Z,"8 km ESE of Palu, Turkey",earthquake,3.79,4.589,0.088,37,reviewed,us,us
2023-02-20T00:58:49.293Z,38.668,39.9382,14.809,4.2,mb,18,74,1.321,0.72,us,us6000jq79,2023-02-20T05:58:16.040Z,"3 km SSE of Palu, Turkey",earthquake,3.75,6.362,0.372,2,reviewed,us,us
2023-02-20T00:39:03.271Z,38.691,39.978,10,4.5,mwr,41,57,1.343,0.58,us,us6000jq74,2023-02-20T05:36:41.040Z,"5 km E of Palu, Turkey",earthquake,2.58,1.885,0.071,19,reviewed,us,us
2023-02-20T00:37:30.257Z,38.6413,39.9166,10,4.7,mwr,82,41,1.314,0.82,us,us6000jq73,2023-02-20T05:06:05.040Z,"5 km S of Palu, Turkey",earthquake,3.19,1.466,0.048,42,reviewed,us,us
2023-02-19T23:57:26.573Z,38.2671,38.8204,10,4.2,mb,55,66,0.825,0.56,us,us6000jq6w,2023-02-20T04:38:58.040Z,"19 km WSW of Do?anyol, Turkey",earthquake,3.92,1.949,0.121,19,reviewed,us,us
2023-02-19T21:30:30.207Z,37.3597,36.8864,10,3.9,mwr,34,105,0.146,0.68,us,us6000jq69,2023-02-20T20:47:32.769Z,"25 km NNE of Nurda??, Turkey",earthquake,3.8,1.86,0.058,29,reviewed,us,us
2023-02-19T14:26:20.836Z,34.6284,33.0052,3.615,3.6,ml,7,255,0.427,0.22,us,us6000jq4g,2023-02-22T08:20:33.777Z,"Cyprus region",earthquake,6.29,13.947,0.105,12,reviewed,us,us
2023-02-19T12:04:33.973Z,38.2418,38.1842,5.478,4.6,mwr,76,49,0.858,0.52,us,us6000jq3c,2023-02-19T12:23:56.040Z,"8 km SW of Ye?ilyurt, Turkey",earthquake,4.08,3.971,0.044,49,reviewed,us,us
2023-02-19T04:07:41.082Z,37.2988,36.8648,10.747,4.3,mb,59,76,0.208,0.66,us,us6000jq1g,2023-02-19T16:01:58.040Z,"18 km NE of Nurda??, Turkey",earthquake,5.6,2.119,0.079,46,reviewed,us,us
2023-02-19T03:59:10.171Z,37.0377,36.8185,12.873,4.1,mb,44,144,0.34,0.89,us,us6000jq1d,2023-02-19T16:04:20.040Z,"16 km SSE of Nurda??, Turkey",earthquake,3.86,5.425,0.102,26,reviewed,us,us
2023-02-19T00:56:11.260Z,38.0472,36.2387,1.763,4.1,mb,58,48,0.386,0.61,us,us6000jq0m,2023-02-19T22:23:58.040Z,"14 km ENE of Saimbeyli, Turkey",earthquake,2.97,6.233,0.105,25,reviewed,us,us
2023-02-18T19:31:31.398Z,38.0511,36.6002,10.148,5,mww,138,28,0.383,0.75,us,us6000jpyq,2023-02-18T21:30:17.290Z,"9 km ENE of Göksun, Turkey",earthquake,5.24,4.016,0.058,29,reviewed,us,us
2023-02-18T17:32:57.357Z,35.8295,25.5162,10,4.7,mwr,111,41,2.146,0.6,us,us6000jpy6,2023-02-18T18:08:50.040Z,"57 km NNE of Limín Khersonísou, Greece",earthquake,4.27,1.826,0.078,16,reviewed,us,us
2023-02-18T16:14:41.695Z,37.9156,38.1277,10,4,mb,29,94,0.726,0.74,us,us6000jpxx,2023-02-19T00:24:03.872Z,"15 km SW of Çelikhan, Turkey",earthquake,4.15,1.823,0.183,8,reviewed,us,us
2023-02-18T05:26:04.787Z,38.0726,37.1608,4.308,4,mb,38,62,0.603,0.79,us,us6000jpun,2023-02-18T21:29:57.040Z,"Central Turkey",earthquake,2.62,4.88,0.212,6,reviewed,us,us
2023-02-17T20:53:05.787Z,37.9064,32.5587,10,2.6,ml,13,98,1.623,0.63,us,us6000jput,2023-02-20T12:20:55.842Z,"Central Turkey",earthquake,4.37,1.86,0.085,18,reviewed,us,us
2023-02-17T19:10:38.646Z,38.0705,38.1898,15.288,4.2,mb,49,79,0.803,0.94,us,us6000jpr3,2023-02-18T21:35:59.040Z,"6 km NW of Çelikhan, Turkey",earthquake,3.19,4.814,0.12,21,reviewed,us,us
2023-02-17T15:34:38.971Z,38.5844,39.6476,10,4.5,mb,49,50,1.144,0.94,us,us6000jppv,2023-02-20T04:25:31.040Z,"23 km SW of Kovanc?lar, Turkey",earthquake,4.13,1.245,0.106,26,reviewed,us,us
2023-02-17T14:58:56.320Z,37.9449,36.3279,5.15,4.4,mb,45,63,0.364,0.54,us,us6000jpnr,2023-02-18T21:26:07.040Z,"17 km WSW of Göksun, Turkey",earthquake,2.52,4.932,0.123,19,reviewed,us,us
2023-02-17T00:35:57.301Z,39.1579,40.1603,2.075,4.4,mb,59,46,0.898,1.14,us,us6000jphu,2023-02-20T04:29:48.040Z,"10 km SE of Yayladere, Turkey",earthquake,1.99,5.371,0.075,52,reviewed,us,us
2023-02-16T19:47:49.648Z,36.1764,35.7911,10,5.2,mww,136,59,1.47,0.93,us,us6000jpff,2023-02-20T21:19:01.900Z,"22 km W of Uzunba?, Turkey",earthquake,5.93,0.861,0.052,35,reviewed,us,us
2023-02-16T16:38:32.216Z,37.9225,37.5073,10,4.1,mb,34,83,0.637,0.48,us,us6000jpee,2023-02-16T18:19:48.040Z,"7 km SE of Nurhak, Turkey",earthquake,1.7,1.928,0.302,3,reviewed,us,us
2023-02-16T14:45:42.064Z,38.2035,37.8096,10,4.5,mb,31,71,0.979,1.15,us,us6000jpdx,2023-02-20T04:35:31.040Z,"14 km NNW of Do?an?ehir, Turkey",earthquake,2.9,1.91,0.108,25,reviewed,us,us
2023-02-16T11:16:23.422Z,35.9277,35.768,10,4.8,mww,187,46,1.7,0.79,us,us6000jpd5,2023-02-20T04:41:23.040Z,"26 km W of Yaylada??, Turkey",earthquake,3.58,1.771,0.098,10,reviewed,us,us
2023-02-16T05:18:57.585Z,38.0947,38.5702,16.14,4.3,mb,53,66,0.682,0.99,us,us6000jpaw,2023-02-16T06:07:15.040Z,"7 km NNW of Sincik, Turkey",earthquake,3.69,5.566,0.101,28,reviewed,us,us
2023-02-15T23:43:38.943Z,37.3475,36.8589,13.193,4,mb,22,109,0.33,0.96,us,us6000jp9e,2023-02-16T00:14:04.040Z,"22 km NNE of Nurda??, Turkey",earthquake,3.4,1.75,0.195,7,reviewed,us,us
2023-02-15T22:25:58.228Z,38.0555,36.6113,5.561,4.1,mb,24,52,0.383,0.68,us,us6000jp8t,2023-02-15T22:43:04.040Z,"10 km ENE of Göksun, Turkey",earthquake,2.98,11.207,0.114,22,reviewed,us,us
2023-02-15T07:36:30.670Z,38.0139,36.48,10,4.6,mb,70,56,0.973,0.78,us,us6000jp25,2023-02-20T04:45:48.040Z,"1 km WSW of Göksun, Turkey",earthquake,5.87,1.884,0.094,34,reviewed,us,us
2023-02-15T06:25:30.425Z,38.0958,36.7171,8.443,4.2,mb,49,53,0.39,0.76,us,us6000jp1e,2023-02-15T07:13:18.040Z,"21 km ENE of Göksun, Turkey",earthquake,5.43,6.469,0.113,22,reviewed,us,us
2023-02-15T00:06:02.103Z,36.6629,36.5602,10,4.1,mb,40,118,2.257,1.04,us,us6000jp0a,2023-02-15T04:28:50.338Z,"12 km S of A?a?? Karafak?l?, Turkey",earthquake,5.78,1.962,0.112,22,reviewed,us,us
2023-02-14T23:14:01.639Z,38.5556,37.4549,2.628,4.2,mb,49,65,0.872,0.89,us,us6000jnzr,2023-02-15T01:45:36.040Z,"4 km WNW of Darende, Turkey",earthquake,4.71,4.089,0.108,24,reviewed,us,us
2023-02-14T15:50:40.851Z,38.0868,37.1649,19.431,4.4,mb,41,102,1.286,0.52,us,us6000jnxk,2023-02-20T18:26:15.332Z,"3 km NW of Ekinözü, Turkey",earthquake,5.02,5.467,0.134,16,reviewed,us,us
2023-02-14T13:44:03.163Z,35.3775,35.3986,10,4.4,mb,38,171,1.744,0.87,us,us6000jnr1,2023-02-14T15:25:21.040Z,"39 km WSW of Latakia, Syria",earthquake,7.65,1.918,0.138,15,reviewed,us,us
2023-02-14T13:13:07.027Z,37.8316,37.9533,12.979,4,mb,36,69,0.792,0.55,us,us6000jnqy,2023-02-22T17:55:15.040Z,"5 km NE of Tut, Turkey",earthquake,3.04,4.462,0.211,6,reviewed,us,us
2023-02-14T11:54:11.666Z,35.9037,36.1184,10,4.4,mb,66,114,2.463,0.62,us,us6000jnqt,2023-02-14T15:01:02.040Z,"5 km E of Yaylada??, Turkey",earthquake,4.65,1.782,0.095,32,reviewed,us,us
2023-02-13T19:20:27.585Z,38.0201,36.4179,4.929,4.8,mb,81,55,0.944,0.74,us,us6000jnmc,2023-02-15T01:50:03.040Z,"6 km W of Göksun, Turkey",earthquake,5.35,4.487,0.058,92,reviewed,us,us
2023-02-13T15:15:05.789Z,37.9396,36.3113,10,4.1,mb,24,98,0.981,0.62,us,us6000jnlc,2023-02-13T18:04:26.040Z,"18 km WSW of Göksun, Turkey",earthquake,5.2,1.938,0.214,6,reviewed,us,us
2023-02-13T14:28:17.684Z,38.0402,38.589,13.42,4.3,mb,77,36,0.626,0.76,us,us6000jnl4,2023-02-22T16:46:33.040Z,"2 km WNW of Sincik, Turkey",earthquake,4.12,1.149,0.098,29,reviewed,us,us
2023-02-13T11:59:17.228Z,36.8373,36.63,11.708,4.4,mwr,64,88,2.105,0.82,us,us6000jnks,2023-02-13T12:21:35.040Z,"9 km NE of A?a?? Karafak?l?, Turkey",earthquake,5.44,3.877,0.062,25,reviewed,us,us
2023-02-12T22:52:59.864Z,38.0276,36.6322,10,4.5,mb,59,99,1.028,0.57,us,us6000jni7,2023-02-20T04:49:43.040Z,"Central Turkey",earthquake,4.53,1.855,0.08,46,reviewed,us,us
2023-02-12T19:02:29.312Z,37.2623,37.0849,10,4.3,mb,72,75,0.134,0.66,us,us6000jnh5,2023-02-21T23:05:24.040Z,"31 km SW of Pazarc?k, Turkey",earthquake,4.84,1.892,0.095,31,reviewed,us,us
2023-02-12T18:33:14.191Z,37.3147,37.0025,9.843,4.7,mwr,113,35,0.207,0.72,us,us6000jnh1,2023-02-21T19:16:51.602Z,"28 km NE of Nurda??, Turkey",earthquake,4.14,3.231,0.071,19,reviewed,us,us
2023-02-12T17:28:17.821Z,38.0789,36.6248,10,4.1,mb,30,78,0.366,0.82,us,us6000jngq,2023-02-21T17:30:44.040Z,"12 km ENE of Göksun, Turkey",earthquake,1.43,1.911,0.197,7,reviewed,us,us
2023-02-12T16:29:49.720Z,38.8053,38.015,10,4.9,mb,41,65,0.381,1.02,us,us6000jngk,2023-02-20T20:50:56.779Z,"7 km E of Hekimhan, Turkey",earthquake,5.93,1.918,0.078,52,reviewed,us,us
2023-02-12T14:30:03.732Z,37.8673,36.6552,10,4.3,mb,21,76,0.822,1.04,us,us6000jng3,2023-02-12T16:46:41.045Z,"Central Turkey",earthquake,5.23,1.957,0.133,16,reviewed,us,us
2023-02-12T13:29:14.930Z,38.0009,38.3289,10,4.6,mb,47,75,1.09,0.63,us,us6000jnfq,2023-02-12T16:06:52.560Z,"8 km ESE of Çelikhan, Turkey",earthquake,4.65,1.849,0.065,70,reviewed,us,us
2023-02-12T12:25:23.077Z,36.774,36.7811,9.343,4.2,mb,43,71,0.525,0.45,us,us6000jnfg,2023-02-12T16:07:12.122Z,"17 km SW of Musabeyli, Turkey",earthquake,4.74,5.835,0.127,17,reviewed,us,us
2023-02-12T10:00:22.635Z,38.2548,38.5098,16.625,4.1,mb,22,75,0.848,0.42,us,us6000jnf7,2023-02-12T10:40:40.040Z,"19 km ESE of Malatya, Turkey",earthquake,2.71,4.975,0.214,6,reviewed,us,us
2023-02-12T09:32:23.386Z,36.0908,36.3111,10,4.1,mb,24,74,1.299,0.46,us,us6000jnf4,2023-02-12T10:24:41.040Z,"5 km WNW of Hac?pa?a, Turkey",earthquake,4.42,1.927,0.184,8,reviewed,us,us
2023-02-12T08:21:01.432Z,41.8789,42.251,10,4,mb,12,130,1.14,0.58,us,us6000jney,2023-02-12T08:52:56.371Z,"",earthquake,5.47,1.966,0.212,6,reviewed,us,us
2023-02-12T08:07:01.419Z,41.8764,42.1314,10,4.2,mb,24,84,1.136,0.61,us,us6000jnex,2023-02-13T22:19:43.101Z,"11 km ESE of Ozurgeti, Georgia",earthquake,5.68,1.218,0.141,14,reviewed,us,us
2023-02-12T04:52:59.662Z,37.9259,37.5096,10,4.2,mb,24,101,0.789,0.85,us,us6000jndz,2023-02-12T05:14:37.040Z,"7 km SE of Nurhak, Turkey",earthquake,4.27,1.947,0.176,9,reviewed,us,us
2023-02-12T04:29:14.956Z,37.8213,38.2487,10,4.2,mb,23,122,1.05,0.87,us,us6000jndu,2023-02-12T04:44:09.040Z,"6 km NNW of Ad?yaman, Turkey",earthquake,3.04,1.95,0.236,5,reviewed,us,us
2023-02-11T23:30:56.494Z,38.0249,36.4218,10,4.1,mb,83,33,0.382,0.64,us,us6000jncu,2023-02-21T04:22:21.040Z,"Central Turkey",earthquake,3.57,1.861,0.084,39,reviewed,us,us
2023-02-11T22:29:15.692Z,36.6384,36.5737,10,4.3,mb,37,99,0.737,0.73,us,us6000jncp,2023-02-21T05:50:21.040Z,"15 km S of A?a?? Karafak?l?, Turkey",earthquake,4.86,1.875,0.104,27,reviewed,us,us
2023-02-11T20:39:05.278Z,37.8159,37.9186,10,4.2,mb,33,83,0.855,0.92,us,us6000jnc0,2023-02-11T22:14:05.040Z,"2 km N of Tut, Turkey",earthquake,4.8,1.918,0.122,19,reviewed,us,us
2023-02-11T17:50:17.060Z,38.1803,38.729,5.649,4.2,mb,49,104,0.962,0.64,us,us6000jnbi,2023-02-11T20:02:19.040Z,"18 km NNE of Sincik, Turkey",earthquake,3.41,5.021,0.104,28,reviewed,us,us
2023-02-11T17:20:01.507Z,36.2131,36.1207,10,4.3,mb,76,73,1.297,0.8,us,us6000jnbd,2023-02-11T18:35:19.099Z,"2 km S of Günyaz?, Turkey",earthquake,6.28,1.866,0.073,61,reviewed,us,us
2023-02-11T15:33:42.581Z,41.9458,42.2302,10,4.4,mb,33,55,1.072,0.73,us,us6000jnb2,2023-02-12T08:25:17.976Z,"18 km E of Ozurgeti, Georgia",earthquake,4.55,1.922,0.099,29,reviewed,us,us
2023-02-11T14:38:04.145Z,37.9684,36.4994,10,4.4,mb,30,76,0.975,0.92,us,us6000jnay,2023-02-12T13:49:07.292Z,"5 km S of Göksun, Turkey",earthquake,4.95,1.915,0.105,26,reviewed,us,us
2023-02-11T13:10:00.015Z,38.8618,38.0668,12.132,4.6,mb,68,46,0.312,0.79,us,us6000jnar,2023-02-15T01:53:07.040Z,"13 km ENE of Hekimhan, Turkey",earthquake,3.9,4.477,0.086,40,reviewed,us,us
2023-02-11T12:54:58.737Z,38.0797,36.5974,5.699,4.1,mb,25,69,0.97,0.47,us,us6000jnaq,2023-02-11T13:07:45.040Z,"10 km NE of Göksun, Turkey",earthquake,3.58,7.741,0.233,5,reviewed,us,us
2023-02-11T11:51:41.245Z,36.4205,36.3922,10,4.4,mb,40,166,0.997,0.5,us,us6000jnam,2023-02-11T20:21:09.849Z,"7 km NNW of Uzunkavak, Turkey",earthquake,6.12,1.93,0.144,14,reviewed,us,us
2023-02-11T11:05:16.816Z,38.0828,36.6437,10,4.4,mb,51,48,0.99,0.37,us,us6000jnai,2023-02-11T11:48:54.040Z,"14 km ENE of Göksun, Turkey",earthquake,4.6,1.891,0.11,24,reviewed,us,us
2023-02-11T09:03:36.029Z,37.9923,38.2507,6.127,4.4,mb,23,141,1.101,0.54,us,us6000jn9p,2023-02-11T09:33:31.040Z,"3 km SSE of Çelikhan, Turkey",earthquake,4.74,5.181,0.267,4,reviewed,us,us
2023-02-11T07:55:42.595Z,37.0141,36.9831,7.232,4.5,mb,54,115,0.24,0.98,us,us6000jn9a,2023-02-15T01:57:04.040Z,"15 km NNE of Musabeyli, Turkey",earthquake,4.12,5.545,0.125,19,reviewed,us,us
2023-02-11T06:28:13.065Z,37.9814,36.5916,10,4.6,mb,39,73,0.945,0.63,us,us6000jn97,2023-02-11T08:53:08.040Z,"9 km ESE of Göksun, Turkey",earthquake,5.72,1.908,0.173,10,reviewed,us,us
2023-02-11T06:06:24.313Z,37.9638,38.207,10,4,mb,30,115,1.119,0.58,us,us6000jn8z,2023-02-11T12:20:09.765Z,"7 km SSW of Çelikhan, Turkey",earthquake,5.25,1.949,0.183,8,reviewed,us,us
2023-02-11T04:47:04.443Z,37.7485,36.6102,10,4.2,mb,48,75,0.747,0.54,us,us6000jn8d,2023-02-11T05:16:15.040Z,"29 km NE of And?r?n, Turkey",earthquake,4.98,1.858,0.128,17,reviewed,us,us
2023-02-11T03:38:25.495Z,37.983,38.49,15.886,4.2,mb,61,120,1.115,0.71,us,us6000jn88,2023-02-11T04:34:25.040Z,"12 km WSW of Sincik, Turkey",earthquake,4.22,4.397,0.11,23,reviewed,us,us
2023-02-11T00:24:42.706Z,36.4575,36.6798,10,4.1,mb,35,168,0.83,0.72,us,us6000jn77,2023-02-11T00:55:07.040Z,"Turkey-Syria border region",earthquake,3.11,1.914,0.198,7,reviewed,us,us
2023-02-10T20:12:46.943Z,38.0504,38.6025,10,4.2,mb,35,119,1.062,0.99,us,us6000jn5q,2023-02-10T23:05:51.040Z,"eastern Turkey",earthquake,2.21,1.912,0.146,14,reviewed,us,us
2023-02-10T17:31:24.915Z,38.1657,38.5791,5.707,4.2,mb,43,100,0.945,0.52,us,us6000jn4x,2023-02-10T18:37:18.040Z,"14 km NNW of Sincik, Turkey",earthquake,3.49,4.305,0.113,22,reviewed,us,us
2023-02-10T17:00:52.253Z,37.8433,36.3069,10,4.9,mww,141,36,0.982,0.88,us,us6000jn4r,2023-02-15T02:07:11.510Z,"24 km SE of Saimbeyli, Turkey",earthquake,4.8,1.832,0.075,17,reviewed,us,us
2023-02-10T10:01:23.319Z,38.1295,38.1979,10,4.1,mb,33,75,0.846,0.34,us,us6000jn2a,2023-02-17T09:11:55.040Z,"12 km NNW of Çelikhan, Turkey",earthquake,3.01,1.945,0.262,4,reviewed,us,us
2023-02-10T09:02:51.105Z,37.9549,38.2183,10,4.2,mb,34,55,0.701,0.69,us,us6000jn1b,2023-02-17T09:01:51.040Z,"8 km SSW of Çelikhan, Turkey",earthquake,4.14,1.931,0.215,6,reviewed,us,us
2023-02-10T08:17:28.501Z,34.995,35.2889,10,4.2,mb,28,206,1.608,0.74,us,us6000jn19,2023-02-10T14:17:06.732Z,"Lebanon - Syria region",earthquake,5.34,1.93,0.187,8,reviewed,us,us
2023-02-10T04:50:24.897Z,38.175,38.1644,10,4.8,mb,55,79,1.255,0.76,us,us6000jn0h,2023-02-10T06:59:08.092Z,"15 km SSW of Ye?ilyurt, Turkey",earthquake,4.12,1.87,0.1,31,reviewed,us,us
2023-02-10T02:03:42.936Z,38.0894,38.2087,10,4.4,mb,35,66,1.211,1.19,us,us6000jmzl,2023-02-10T02:23:12.040Z,"7 km NNW of Çelikhan, Turkey",earthquake,5.28,1.886,0.115,22,reviewed,us,us
2023-02-10T01:51:00.509Z,37.8402,36.6189,10,4.9,mb,39,49,0.816,0.73,us,us6000jmzj,2023-02-15T02:13:02.040Z,"22 km SSE of Göksun, Turkey",earthquake,4.98,1.607,0.075,58,reviewed,us,us
2023-02-09T22:06:39.722Z,36.9692,36.6923,10,4.2,mb,58,68,0.461,1.09,us,us6000jmvs,2023-02-09T22:31:50.040Z,"21 km SE of Hasanbeyli, Turkey",earthquake,4.63,1.68,0.101,27,reviewed,us,us
2023-02-09T21:46:29.575Z,37.1667,36.8266,10,4.1,mb,39,84,0.306,0.52,us,us6000jmvn,2023-02-09T22:20:29.040Z,"Central Turkey",earthquake,4.34,1.718,0.151,12,reviewed,us,us
2023-02-09T09:46:56.179Z,38.0162,38.6105,15.872,4.3,mb,32,121,1.396,0.49,us,us6000jmpe,2023-02-09T20:34:21.991Z,"2 km S of Sincik, Turkey",earthquake,4.19,5.774,0.202,7,reviewed,us,us
2023-02-09T07:42:09.215Z,38.0166,36.6317,10,4.3,mb,39,70,0.96,0.95,us,us6000jmnx,2023-02-09T08:01:19.040Z,"11 km E of Göksun, Turkey",earthquake,1.74,1.945,0.137,15,reviewed,us,us
2023-02-09T07:18:16.806Z,36.924,36.6528,5.145,4.8,mb,71,39,0.51,0.58,us,us6000jmnp,2023-02-15T02:17:13.040Z,"Turkey-Syria border region",earthquake,4.91,4.653,0.074,56,reviewed,us,us
2023-02-09T05:37:35.117Z,38.2127,38.1982,17.431,4.1,mb,27,104,1.302,0.61,us,us6000jmnc,2023-02-09T06:30:37.040Z,"10 km SSW of Ye?ilyurt, Turkey",earthquake,5.19,5.117,0.262,5,reviewed,us,us
2023-02-09T04:34:45.360Z,38.0922,38.4552,15.995,4.3,mb,28,115,1.35,0.62,us,us6000jmn4,2023-02-10T03:15:15.040Z,"15 km WNW of Sincik, Turkey",earthquake,4.56,6.082,0.266,4,reviewed,us,us
2023-02-09T03:52:19.732Z,38.0056,38.5425,14.891,4.5,mb,23,121,1.347,0.69,us,us6000jmmz,2023-02-10T02:57:19.040Z,"7 km WSW of Sincik, Turkey",earthquake,2.87,6.119,0.314,3,reviewed,us,us
2023-02-09T03:24:55.884Z,36.8136,36.4252,10,4.3,mb,23,154,0.723,1.05,us,us6000jmmw,2023-02-10T02:37:05.040Z,"8 km W of Hassa, Turkey",earthquake,4.53,1.812,0.266,4,reviewed,us,us
2023-02-09T01:44:20.184Z,37.8647,37.6676,13.664,4.4,mb,38,106,0.781,0.76,us,us6000jmma,2023-02-10T02:13:05.040Z,"9 km NNE of Gölba??, Turkey",earthquake,1.96,5.407,0.149,13,reviewed,us,us
2023-02-09T01:38:13.965Z,38.4404,40.4232,7.791,4.4,mb,37,78,1.16,0.68,us,us6000jmm7,2023-02-10T02:08:02.040Z,"4 km NE of Hani, Turkey",earthquake,3.71,4.089,0.13,17,reviewed,us,us
2023-02-09T00:32:17.238Z,38.4058,39.292,16.333,4.2,mb,20,101,1.604,0.92,us,us6000jmlx,2023-02-09T00:46:31.040Z,"eastern Turkey",earthquake,5.75,2.313,0.236,5,reviewed,us,us
2023-02-08T22:36:50.425Z,38.2174,38.2049,16.084,4,mb,29,91,1.309,0.6,us,us6000jmll,2023-02-08T22:47:15.040Z,"9 km SSW of Ye?ilyurt, Turkey",earthquake,4.93,5.752,0.183,8,reviewed,us,us
2023-02-08T20:12:06.139Z,38.2003,38.124,10,4.5,mb,34,71,0.938,0.88,us,us6000jmkh,2023-02-22T18:30:29.519Z,"15 km SW of Ye?ilyurt, Turkey",earthquake,4.41,1.93,0.27,4,reviewed,us,us
2023-02-08T18:58:55.174Z,34.301,36.2104,10,4.1,mb,59,75,1.448,0.78,us,us6000jmjy,2023-02-22T18:00:46.745Z,"",earthquake,5.82,1.894,0.117,20,reviewed,us,us
2023-02-08T18:35:12.152Z,37.504,37.1087,10,4.4,mb,30,66,0.166,0.95,us,us6000jpcx,2023-02-22T17:41:08.040Z,"16 km W of Pazarc?k, Turkey",earthquake,3.27,1.847,0.203,7,reviewed,us,us
2023-02-08T17:57:22.835Z,39.7533,40.763,10,4.4,mb,51,33,1.554,0.89,us,us6000jmjj,2023-02-22T17:17:59.222Z,"19 km SSE of A?kale, Turkey",earthquake,4.67,1.863,0.131,17,reviewed,us,us
2023-02-08T14:55:51.976Z,38.0117,38.5221,14.769,4.3,mb,59,67,1.338,0.45,us,us6000jmhi,2023-02-15T14:49:34.040Z,"8 km WSW of Sincik, Turkey",earthquake,5.52,4.669,0.114,22,reviewed,us,us
2023-02-08T14:42:22.459Z,38.1117,36.6183,10,4.4,mb,58,67,0.955,0.81,us,us6000jmhg,2023-02-15T14:39:08.040Z,"14 km NE of Göksun, Turkey",earthquake,3.45,1.906,0.115,22,reviewed,us,us
2023-02-08T14:20:25.727Z,37.9629,37.458,5.867,5.1,mww,143,55,0.814,0.88,us,us6000jmh3,2023-02-09T22:18:31.040Z,"1 km E of Nurhak, Turkey",earthquake,4.44,3.81,0.083,14,reviewed,us,us
2023-02-08T12:11:56.031Z,38.8457,37.2766,10,4.1,mb,37,46,0.802,0.54,us,us6000jmgm,2023-02-22T13:20:33.040Z,"13 km N of Gürün, Turkey",earthquake,3.51,1.936,0.185,8,reviewed,us,us
2023-02-08T11:37:21.861Z,38.0802,36.8835,10,4,mb,24,76,0.491,0.64,us,us6000jpdb,2023-02-22T13:11:03.040Z,"Central Turkey",earthquake,2.73,1.974,0.232,5,reviewed,us,us
2023-02-08T11:24:00.758Z,37.9367,37.6179,3.53,4.5,mwr,79,79,0.714,0.72,us,us6000jmgg,2023-02-22T12:41:17.040Z,"15 km E of Nurhak, Turkey",earthquake,4.88,4.816,0.08,15,reviewed,us,us
2023-02-08T11:11:52.872Z,37.9368,37.6607,8.988,5.4,mww,155,44,0.741,0.65,us,us6000jmgf,2023-02-22T12:40:43.828Z,"Central Turkey",earthquake,4.7,3.607,0.053,34,reviewed,us,us
2023-02-08T11:00:19.726Z,38.0268,37.7704,10,4.1,mwr,33,82,0.864,0.8,us,us6000jmge,2023-02-22T12:29:06.040Z,"11 km SW of Do?an?ehir, Turkey",earthquake,4.67,1.961,0.08,15,reviewed,us,us
2023-02-08T10:26:23.750Z,37.1554,37.0022,6.602,4.4,mwr,67,113,0.167,0.97,us,us6000jmg9,2023-02-22T11:00:24.077Z,"23 km E of Nurda??, Turkey",earthquake,4.22,4.353,0.093,11,reviewed,us,us
2023-02-08T09:52:11.967Z,38.0337,36.5009,10,4.4,mb,49,51,0.379,0.62,us,us6000jpcs,2023-02-22T07:40:20.040Z,"Central Turkey",earthquake,2.46,1.698,0.123,19,reviewed,us,us
2023-02-08T09:13:07.114Z,36.6565,36.5077,10,4.3,mb,35,137,0.762,0.48,us,us6000jpch,2023-02-22T07:11:47.040Z,"14 km SSW of A?a?? Karafak?l?, Turkey",earthquake,4.2,1.913,0.154,12,reviewed,us,us
2023-02-08T07:48:32.134Z,37.9993,36.4734,10,4.9,mb,70,24,0.983,0.96,us,us6000jmg1,2023-02-09T22:21:28.040Z,"3 km SW of Göksun, Turkey",earthquake,4.11,1.857,0.082,47,reviewed,us,us
2023-02-08T06:09:01.827Z,36.3573,36.1303,10,4.4,mb,39,186,1.188,0.59,us,us6000jmfn,2023-02-08T07:09:30.941Z,"Turkey-Syria border region",earthquake,4.45,1.965,0.11,24,reviewed,us,us
2023-02-08T05:52:37.740Z,38.0493,36.6816,10,4.6,mb,37,67,0.971,0.97,us,us6000jmfk,2023-02-09T22:37:19.040Z,"Central Turkey",earthquake,4.08,1.924,0.119,21,reviewed,us,us
2023-02-08T03:01:02.295Z,37.0315,36.7208,10,4.3,mb,24,113,0.415,0.49,us,us6000jmer,2023-02-08T04:58:49.040Z,"15 km S of Nurda??, Turkey",earthquake,4.59,1.96,0.177,9,reviewed,us,us
2023-02-08T02:25:12.711Z,37.8719,38.1216,10,4.3,mb,44,101,1.007,0.62,us,us6000jmem,2023-02-08T04:36:20.040Z,"",earthquake,4.59,1.761,0.13,17,reviewed,us,us
2023-02-08T00:11:56.157Z,38.1268,37.2542,17.189,4,mb,29,58,0.954,0.89,us,us6000jme5,2023-02-08T00:34:29.040Z,"9 km NE of Ekinözü, Turkey",earthquake,2.84,5.692,0.184,8,reviewed,us,us
2023-02-07T23:13:02.009Z,36.0927,35.8637,10,4.5,mb,95,54,1.527,0.93,us,us6000jmdw,2023-02-22T06:20:49.170Z,"16 km WSW of Uzunba?, Turkey",earthquake,5.53,1.873,0.064,71,reviewed,us,us
2023-02-07T22:45:27.921Z,38.0992,36.5507,6.069,4.2,mb,51,37,0.325,1.21,us,us6000jp4y,2023-02-16T04:17:23.040Z,"9 km NNE of Göksun, Turkey",earthquake,3.51,6.818,0.146,13,reviewed,us,us
2023-02-07T22:07:54.879Z,38.0663,36.5541,12.635,4.2,mb,56,45,0.357,0.58,us,us6000jp4v,2023-02-16T05:07:17.040Z,"Central Turkey",earthquake,3.17,4.898,0.118,20,reviewed,us,us
2023-02-07T21:58:54.224Z,37.4201,36.9564,12.635,4.1,mb,20,90,0.096,0.73,us,us6000jp4u,2023-02-16T05:14:51.040Z,"18 km S of Kahramanmara?, Turkey",earthquake,3.88,3.357,0.302,3,reviewed,us,us
2023-02-07T21:21:25.795Z,37.924,37.5023,3.744,5,mb,136,45,0.635,0.64,us,us6000jmc7,2023-02-19T02:10:17.801Z,"6 km SE of Nurhak, Turkey",earthquake,2.5,3.911,0.056,102,reviewed,us,us
2023-02-07T21:14:28.432Z,32.0866,35.2415,10,4.1,mb,11,171,3.281,0.41,us,us6000jmcs,2023-02-19T03:51:12.046Z,"1 km W of As S?wiyah, Palestinian Territory",earthquake,11.71,1.998,0.301,4,reviewed,us,us
2023-02-07T19:54:23.789Z,38.5952,39.9774,10,4.6,mwr,122,34,1.428,0.6,us,us6000jmbq,2023-02-07T22:56:20.040Z,"",earthquake,4.97,1.829,0.071,19,reviewed,us,us
2023-02-07T19:13:48.746Z,38.1175,36.9616,5.404,4.4,mb,75,44,0.964,0.76,us,us6000jmbj,2023-02-07T22:39:10.040Z,"Central Turkey",earthquake,4.36,4.485,0.078,52,reviewed,us,us
2023-02-07T18:10:00.474Z,37.9568,36.5992,21.625,5.3,mww,163,29,0.921,0.7,us,us6000jmat,2023-02-09T21:35:46.415Z,"11 km SE of Göksun, Turkey",earthquake,5.04,4.467,0.093,11,reviewed,us,us
2023-02-07T17:38:00.954Z,37.8978,37.6231,20.542,4.2,mb,29,102,0.796,1.12,us,us6000jmar,2023-02-07T18:10:57.040Z,"12 km N of Gölba??, Turkey",earthquake,4.16,2.481,0.146,15,reviewed,us,us
2023-02-07T16:54:31.685Z,37.9421,37.323,17.033,4.1,mb,26,74,0.55,1.18,us,us6000jp57,2023-02-20T15:45:29.040Z,"10 km WSW of Nurhak, Turkey",earthquake,2.92,4.662,0.234,5,reviewed,us,us
2023-02-07T16:53:27.462Z,36.0086,35.9967,10,4.2,mb,22,120,1.517,0.88,us,us6000jp56,2023-02-20T15:38:32.040Z,"13 km NNW of Yaylada??, Turkey",earthquake,2.19,1.919,0.305,3,reviewed,us,us
2023-02-07T15:48:54.123Z,37.9939,36.4771,11.132,5,mww,138,22,0.415,0.61,us,us6000jm96,2023-02-20T14:54:26.655Z,"3 km SSW of Göksun, Turkey",earthquake,5.2,3.312,0.062,25,reviewed,us,us
2023-02-07T15:31:28.295Z,37.3758,37.1447,10,4.7,mwr,126,34,0.21,0.64,us,us6000jm95,2023-02-19T22:57:53.609Z,"18 km SW of Pazarc?k, Turkey",earthquake,5.54,1.867,0.063,24,reviewed,us,us
2023-02-07T14:23:17.029Z,38.0426,36.5803,10,4.4,mb,53,41,0.386,0.8,us,us6000jp4j,2023-02-19T22:33:43.040Z,"7 km ENE of Göksun, Turkey",earthquake,1.86,1.872,0.13,17,reviewed,us,us
2023-02-07T13:36:41.353Z,36.0984,35.8449,10,4.5,mb,81,70,1.532,0.91,us,us6000jm84,2023-02-19T22:06:14.040Z,"17 km WSW of Uzunba?, Turkey",earthquake,4.45,1.802,0.084,41,reviewed,us,us
2023-02-07T12:07:04.188Z,38.1924,38.2586,10,4.4,mb,42,39,1.315,0.67,us,us6000jm7q,2023-02-07T12:48:27.040Z,"11 km S of Ye?ilyurt, Turkey",earthquake,4.28,1.847,0.109,24,reviewed,us,us
2023-02-07T10:56:30.804Z,37.8437,36.8362,10,4.4,mb,41,69,0.733,0.38,us,us6000jm7k,2023-02-07T14:12:07.040Z,"29 km NNW of Kahramanmara?, Turkey",earthquake,5.79,1.926,0.112,23,reviewed,us,us
2023-02-07T10:27:31.295Z,38.1343,38.1199,10,4.6,mb,63,67,1.202,0.51,us,us6000jm7h,2023-02-07T11:21:10.040Z,"",earthquake,2.54,1.883,0.08,46,reviewed,us,us
2023-02-07T10:18:13.368Z,38.0026,38.5474,10,5.4,mww,94,29,1.348,0.56,us,us6000jm7f,2023-02-09T14:17:35.591Z,"6 km WSW of Sincik, Turkey",earthquake,5.35,1.838,0.073,18,reviewed,us,us
2023-02-07T08:25:47.353Z,37.9445,37.4901,10,4.5,mb,31,72,0.803,0.71,us,us6000jm71,2023-02-07T08:48:18.040Z,"4 km ESE of Nurhak, Turkey",earthquake,4.14,1.949,0.127,18,reviewed,us,us
2023-02-07T07:26:36.400Z,38.0354,37.6579,16.534,4.5,mb,35,113,0.932,0.62,us,us6000jm6v,2023-02-07T08:29:49.040Z,"19 km WSW of Do?an?ehir, Turkey",earthquake,3.66,5.223,0.171,10,reviewed,us,us
2023-02-07T07:11:14.840Z,38.1162,38.6693,6.829,5.4,mww,119,29,1.494,0.59,us,us6000jm6p,2023-02-09T22:00:34.606Z,"10 km NNE of Sincik, Turkey",earthquake,5.51,3.665,0.052,36,reviewed,us,us
2023-02-07T06:48:53.332Z,38.2378,37.5769,19.14,4.6,mb,58,67,1.103,0.69,us,us6000jm6b,2023-02-07T07:50:10.040Z,"30 km WNW of Do?an?ehir, Turkey",earthquake,4.83,5.244,0.093,35,reviewed,us,us
2023-02-07T06:40:54.343Z,38.0531,36.4632,10,4.5,mb,37,74,0.933,0.45,us,us6000jm69,2023-02-07T07:13:13.040Z,"Central Turkey",earthquake,2.11,1.957,0.15,13,reviewed,us,us
2023-02-07T06:26:11.987Z,37.3357,36.8762,7.505,4.2,mb,23,150,0.17,0.4,us,us6000jp3v,2023-02-19T09:57:26.040Z,"22 km NE of Nurda??, Turkey",earthquake,2.38,5.007,0.187,8,reviewed,us,us
2023-02-07T06:15:23.256Z,38.0668,38.1413,17.718,4.1,mb,31,65,0.825,0.38,us,us6000jp3w,2023-02-19T10:09:01.040Z,"9 km WNW of Çelikhan, Turkey",earthquake,4.45,4.852,0.145,13,reviewed,us,us
2023-02-07T05:26:31.390Z,36.1206,36.3448,18.551,4.4,mb,50,128,1.259,0.48,us,us6000jm63,2023-02-07T06:19:37.920Z,"5 km S of Boynuyo?un, Turkey",earthquake,5.64,4.995,0.124,19,reviewed,us,us
2023-02-07T04:42:03.517Z,36.7885,36.6758,10,4.4,mb,40,117,0.574,0.69,us,us6000jm5v,2023-02-08T03:46:27.040Z,"10 km E of A?a?? Karafak?l?, Turkey",earthquake,4.11,1.939,0.13,17,reviewed,us,us
2023-02-07T04:16:42.757Z,37.8735,37.3422,10,4.3,mb,20,87,0.708,0.37,us,us6000jm5s,2023-02-08T03:23:59.040Z,"13 km SW of Nurhak, Turkey",earthquake,2.84,1.965,0.532,1,reviewed,us,us
2023-02-07T03:37:00.775Z,36.2739,36.2566,10,4.2,mb,27,194,1.179,0.73,us,us6000jm5j,2023-02-08T02:40:46.040Z,"3 km NNE of Kastal, Turkey",earthquake,7.29,1.972,0.176,9,reviewed,us,us
2023-02-07T03:13:12.767Z,37.7582,37.7303,10,5.5,mww,131,45,0.717,0.6,us,us6000jm5e,2023-02-09T21:31:31.564Z,"8 km ESE of Gölba??, Turkey",earthquake,4.93,1.699,0.062,25,reviewed,us,us
2023-02-07T03:08:57.191Z,37.9315,37.6463,10,4.6,mb,63,80,0.834,0.65,us,us6000jm5c,2023-02-08T01:41:31.908Z,"16 km N of Gölba??, Turkey",earthquake,4.11,1.913,0.093,35,reviewed,us,us
2023-02-07T03:02:54.913Z,37.2628,37.2357,10,4.4,mb,28,71,0.093,0.62,us,us6000jm5a,2023-02-08T01:30:19.040Z,"25 km SSW of Pazarc?k, Turkey",earthquake,3.43,1.954,0.169,10,reviewed,us,us
2023-02-07T02:53:27.542Z,37.9084,36.3859,10,4.3,mb,20,82,0.984,0.6,us,us6000jm57,2023-02-08T01:05:09.040Z,"15 km SW of Göksun, Turkey",earthquake,3.95,1.885,0.16,11,reviewed,us,us
2023-02-07T02:47:37.006Z,35.9377,35.9777,10,4.8,mb,93,47,1.582,0.83,us,us6000jm55,2023-02-08T00:58:05.800Z,"8 km WNW of Yaylada??, Turkey",earthquake,5.91,1.838,0.063,78,reviewed,us,us
2023-02-07T02:43:28.064Z,38.116,36.9288,10,4.4,mb,24,57,0.968,0.59,us,us6000jm54,2023-02-08T00:10:06.040Z,"14 km S of Af?in, Turkey",earthquake,5.21,1.975,0.154,12,reviewed,us,us
2023-02-07T02:39:03.922Z,38.6097,37.5098,15.771,4.2,mb,32,64,1.323,0.54,us,us6000jm53,2023-02-08T00:00:30.040Z,"7 km N of Darende, Turkey",earthquake,1.77,5.453,0.176,9,reviewed,us,us
2023-02-07T01:34:30.485Z,37.4162,37.125,15.567,4.4,mb,30,73,0.253,0.95,us,us6000jm4x,2023-02-07T23:14:43.849Z,"17 km WSW of Pazarc?k, Turkey",earthquake,5.28,6.153,0.138,15,reviewed,us,us
2023-02-07T01:29:19.249Z,38.0748,36.7378,10,4.1,mb,40,65,0.976,0.68,us,us6000jm4r,2023-02-07T22:28:16.040Z,"21 km ENE of Göksun, Turkey",earthquake,5.16,1.965,0.145,13,reviewed,us,us
2023-02-07T00:20:16.237Z,37.8431,36.6148,10,4.2,mb,53,34,0.339,0.74,us,us6000jp3d,2023-02-20T03:07:13.040Z,"22 km SSE of Göksun, Turkey",earthquake,3.52,1.635,0.112,22,reviewed,us,us
2023-02-06T23:29:15.039Z,35.6093,35.3527,10,4.5,mb,65,44,1.776,0.57,us,us6000jm3x,2023-02-07T01:26:45.238Z,"40 km WNW of Latakia, Syria",earthquake,5.13,1.851,0.097,31,reviewed,us,us
2023-02-06T23:13:30.078Z,37.9823,37.4015,10,4.2,mb,41,69,0.62,0.83,us,us6000jnv4,2023-02-20T03:14:34.040Z,"4 km WNW of Nurhak, Turkey",earthquake,2.38,1.926,0.2,7,reviewed,us,us
2023-02-06T22:55:27.276Z,37.9341,36.6247,11.221,4,mb,33,74,0.417,0.67,us,us6000jnv2,2023-02-19T04:43:54.040Z,"14 km SE of Göksun, Turkey",earthquake,2.31,5.325,0.15,12,reviewed,us,us
2023-02-06T22:44:54.848Z,38.0613,36.5637,13.174,4.2,mb,26,75,0.364,0.42,us,us6000jnv1,2023-02-19T22:36:45.040Z,"7 km NE of Göksun, Turkey",earthquake,2.3,1.306,0.199,7,reviewed,us,us
2023-02-06T22:29:39.276Z,38.0444,36.4089,6.339,4.5,mb,100,28,0.362,0.54,us,us6000jm3n,2023-02-19T22:58:43.295Z,"8 km WNW of Göksun, Turkey",earthquake,3.31,2.997,0.067,66,reviewed,us,us
2023-02-06T22:26:19.224Z,37.9513,37.4226,16.606,4.3,mb,62,68,0.608,0.62,us,us6000jm3l,2023-02-19T23:04:14.040Z,"Central Turkey",earthquake,3.69,4.23,0.086,38,reviewed,us,us
2023-02-06T22:11:36.589Z,38.1849,38.1676,11.762,4.4,mb,74,72,0.905,0.8,us,us6000jm3f,2023-02-19T23:41:30.261Z,"14 km SSW of Ye?ilyurt, Turkey",earthquake,2.94,3.99,0.079,46,reviewed,us,us
2023-02-06T22:09:51.889Z,38.0814,36.8993,10.236,4.1,mb,33,67,0.499,0.67,us,us6000jnuw,2023-02-19T23:51:02.040Z,"18 km S of Af?in, Turkey",earthquake,2.75,6.787,0.165,10,reviewed,us,us
2023-02-06T21:57:43.548Z,38.0327,36.5874,9.959,5,mb,166,27,0.397,0.59,us,us6000jm3c,2023-02-20T02:47:27.256Z,"Central Turkey",earthquake,5.54,1.944,0.048,135,reviewed,us,us
2023-02-06T21:15:17.630Z,38.0646,37.0764,6.316,4.8,mb,94,49,0.897,0.76,us,us6000jm30,2023-02-06T21:29:41.040Z,"9 km W of Ekinözü, Turkey",earthquake,6.04,4.478,0.063,77,reviewed,us,us
2023-02-06T21:02:03.594Z,36.54,36.4583,4.372,4.4,mb,54,132,0.872,0.97,us,us6000jm2x,2023-02-06T21:16:28.040Z,"10 km ENE of K?r?khan, Turkey",earthquake,5.17,3.4,0.088,37,reviewed,us,us
2023-02-06T20:54:01.311Z,37.8225,36.3066,10,4.2,mb,18,109,0.969,1.12,us,us6000jnvx,2023-02-22T16:00:21.040Z,"Central Turkey",earthquake,7.5,1.904,0.264,5,reviewed,us,us
2023-02-06T20:53:24.380Z,38.2105,38.251,10,5,mb,115,32,0.891,0.91,us,us6000jm2v,2023-02-22T15:52:20.040Z,"9 km S of Ye?ilyurt, Turkey",earthquake,4.45,1.698,0.051,124,reviewed,us,us
2023-02-06T20:45:42.189Z,36.1485,36.1885,10,4.3,mb,27,99,1.311,0.53,us,us6000jnw4,2023-02-22T15:43:29.040Z,"3 km SE of Dursunlu, Turkey",earthquake,5.53,1.914,0.187,8,reviewed,us,us
2023-02-06T20:44:00.291Z,38.0037,36.5811,10,5,mb,91,30,0.969,0.6,us,us6000jm2t,2023-02-22T15:25:33.040Z,"7 km ESE of Göksun, Turkey",earthquake,1.66,1.798,0.058,95,reviewed,us,us
2023-02-06T20:40:06.500Z,38.2787,37.9979,10,4.9,mb,43,69,1.06,0.67,us,us6000jnut,2023-02-22T15:21:08.040Z,"Central Turkey",earthquake,4.05,1.692,0.112,25,reviewed,us,us
2023-02-06T20:37:51.835Z,37.2469,37.109,10,5.3,mww,137,34,0.11,0.79,us,us6000jm2r,2023-02-22T15:09:06.593Z,"31 km SSW of Pazarc?k, Turkey",earthquake,3.12,1.762,0.071,19,reviewed,us,us
2023-02-06T20:23:12.617Z,38.0883,38.6826,10,4.2,mb,36,62,0.656,0.74,us,us6000jnur,2023-02-22T15:04:43.910Z,"8 km NE of Sincik, Turkey",earthquake,5.08,1.924,0.187,8,reviewed,us,us
2023-02-06T20:14:11.196Z,37.9692,36.4978,6.665,4.3,mb,55,46,0.407,0.72,us,us6000jm2k,2023-02-22T14:28:29.040Z,"5 km S of Göksun, Turkey",earthquake,4.44,4.676,0.111,23,reviewed,us,us
2023-02-06T20:11:49.225Z,37.8938,37.6388,14.659,4.3,mb,45,90,0.703,0.9,us,us6000jnuq,2023-02-22T14:23:40.040Z,"12 km N of Gölba??, Turkey",earthquake,4.9,5.206,0.177,9,reviewed,us,us
2023-02-06T20:05:34.847Z,38.0037,36.3598,10,4.7,mb,90,34,0.938,0.76,us,us6000jm29,2023-02-21T22:23:53.040Z,"12 km W of Göksun, Turkey",earthquake,3.77,1.805,0.059,89,reviewed,us,us
2023-02-06T19:49:40.273Z,38.0943,36.6411,10,4.3,mb,53,31,0.98,0.62,us,us6000jm28,2023-02-21T22:17:01.040Z,"15 km ENE of Göksun, Turkey",earthquake,4.9,1.202,0.137,15,reviewed,us,us
2023-02-06T19:40:16.019Z,38.0411,38.1815,3.951,4.6,mb,105,40,0.785,0.67,us,us6000jm2a,2023-02-21T21:57:50.040Z,"5 km WNW of Çelikhan, Turkey",earthquake,4.83,4.401,0.062,77,reviewed,us,us
2023-02-06T19:35:50.669Z,37.47,37.1512,10,4.4,mb,66,48,0.301,0.71,us,us6000jm21,2023-02-21T21:56:38.800Z,"13 km W of Pazarc?k, Turkey",earthquake,5.76,1.853,0.098,30,reviewed,us,us
2023-02-06T19:31:00.129Z,38.0639,37.3554,10,4.4,mb,70,79,0.898,0.91,us,us6000jm1z,2023-02-21T21:54:13.040Z,"13 km NW of Nurhak, Turkey",earthquake,4.55,1.867,0.092,34,reviewed,us,us
2023-02-06T19:25:01.521Z,37.8654,36.6695,10,4.5,mb,36,44,0.384,0.63,us,us6000jnuz,2023-02-21T21:52:06.040Z,"22 km SE of Göksun, Turkey",earthquake,3.89,1.864,0.156,12,reviewed,us,us
2023-02-06T19:15:47.884Z,37.9837,36.3864,10,4.4,mb,46,40,0.965,1.13,us,us6000jm1w,2023-02-21T21:46:17.040Z,"Central Turkey",earthquake,3.58,1.864,0.112,23,reviewed,us,us
2023-02-06T19:12:31.301Z,38.0411,37.3398,10,4.1,mb,34,70,0.813,0.89,us,us6000jnuy,2023-02-21T21:45:35.331Z,"",earthquake,3.31,1.732,0.197,7,reviewed,us,us
2023-02-06T18:55:52.673Z,37.9638,38.1516,10,4.2,mb,19,89,0.745,0.71,us,us6000jnux,2023-02-21T21:37:39.040Z,"10 km SW of Çelikhan, Turkey",earthquake,4.31,1.851,0.529,1,reviewed,us,us
2023-02-06T18:51:18.819Z,36.9732,36.9234,10,4.3,mb,37,68,0.303,0.74,us,us6000jnuk,2023-02-21T21:29:12.040Z,"9 km N of Musabeyli, Turkey",earthquake,5.17,1.905,0.16,11,reviewed,us,us
2023-02-06T18:49:54.252Z,36.8613,36.8082,10,4.2,mb,21,197,0.447,0.79,us,us6000jnw9,2023-02-21T21:22:51.040Z,"10 km WSW of Musabeyli, Turkey",earthquake,7.42,1.936,0.216,6,reviewed,us,us
2023-02-06T18:48:49.820Z,38.2057,38.1357,15.582,4.2,mb,37,90,1.267,0.46,us,us6000jnul,2023-02-21T21:05:45.040Z,"13 km SW of Ye?ilyurt, Turkey",earthquake,4.83,4.885,0.175,9,reviewed,us,us
2023-02-06T18:03:53.826Z,37.978,36.4468,10,5.2,mww,117,20,0.992,0.75,us,us6000jm1p,2023-02-21T20:49:28.404Z,"6 km SW of Göksun, Turkey",earthquake,4.92,1.372,0.098,10,reviewed,us,us
2023-02-06T18:02:44.743Z,38.1202,36.5119,10,4.4,mb,57,47,0.898,0.78,us,us6000jm1n,2023-02-21T20:45:00.040Z,"Central Turkey",earthquake,5.57,1.892,0.098,30,reviewed,us,us
2023-02-06T17:46:49.909Z,38.0854,37.8589,10,4.5,mb,69,83,1.047,1.22,us,us6000jm13,2023-02-21T20:43:10.040Z,"Central Turkey",earthquake,2.2,1.844,0.098,30,reviewed,us,us
2023-02-06T17:31:34.292Z,37.0998,36.7471,10,4.5,mb,75,57,0.377,1.09,us,us6000jly1,2023-02-21T20:35:19.040Z,"7 km S of Nurda??, Turkey",earthquake,5.99,1.85,0.087,39,reviewed,us,us
2023-02-06T17:26:24.434Z,38.0771,36.7158,10,4.7,mb,97,33,0.985,0.87,us,us6000jlwh,2023-02-21T20:22:23.040Z,"20 km ENE of Göksun, Turkey",earthquake,4.99,1.143,0.065,72,reviewed,us,us
2023-02-06T17:22:02.046Z,38.1248,36.5126,10,4.1,mb,38,65,0.894,1.12,us,us6000jlww,2023-02-21T20:19:29.040Z,"11 km N of Göksun, Turkey",earthquake,4.08,1.858,0.135,15,reviewed,us,us
2023-02-06T17:11:47.989Z,37.9161,37.358,10,4.3,mb,53,60,0.752,0.91,us,us6000jlu3,2023-02-21T20:10:41.040Z,"8 km SW of Nurhak, Turkey",earthquake,5.17,1.903,0.129,17,reviewed,us,us
2023-02-06T16:55:35.783Z,38.0112,37.4148,9.152,4.5,mb,110,56,0.853,0.57,us,us6000jlth,2023-02-19T21:48:23.040Z,"5 km NNW of Nurhak, Turkey",earthquake,3.83,4.113,0.073,55,reviewed,us,us
2023-02-06T16:43:29.229Z,37.9548,36.5112,10,5,mwr,137,33,0.397,0.71,us,us6000jlta,2023-02-19T21:41:54.849Z,"7 km S of Göksun, Turkey",earthquake,4.08,1.824,0.073,18,reviewed,us,us
2023-02-06T16:35:18.135Z,38.2352,39.117,10,4.5,mb,69,52,0.827,0.83,us,us6000jnum,2023-02-19T21:33:01.040Z,"10 km SE of Do?anyol, Turkey",earthquake,2.58,1.856,0.115,22,reviewed,us,us
2023-02-06T16:32:11.661Z,36.6625,36.4828,10,4.9,mb,128,68,0.773,0.91,us,us6000jlt7,2023-02-19T21:26:56.040Z,"14 km SSW of A?a?? Karafak?l?, Turkey",earthquake,4.88,1.816,0.053,110,reviewed,us,us
2023-02-06T16:28:08.698Z,37.4633,36.981,5.178,4.7,mb,57,66,0.343,0.92,us,us6000jnu7,2023-02-19T21:19:41.040Z,"14 km SSE of Kahramanmara?, Turkey",earthquake,5.05,4.494,0.096,33,reviewed,us,us
2023-02-06T16:27:19.278Z,38.049,36.4154,10,4.6,mb,34,82,0.358,0.71,us,us6000jnwy,2023-02-19T21:11:22.040Z,"7 km WNW of Göksun, Turkey",earthquake,1.87,1.913,0.158,12,reviewed,us,us
2023-02-06T16:26:39.507Z,38.0385,36.5982,10,4.8,mb,104,28,0.394,0.65,us,us6000jlt1,2023-02-19T21:00:22.040Z,"9 km ENE of Göksun, Turkey",earthquake,5.02,1.832,0.054,107,reviewed,us,us
2023-02-06T16:26:15.464Z,37.9826,36.8994,10,4.6,mb,122,44,0.569,0.58,us,us6000jlt5,2023-02-19T20:31:09.040Z,"26 km WSW of Ekinözü, Turkey",earthquake,2.78,1.812,0.064,72,reviewed,us,us
2023-02-06T16:25:01.255Z,38.0666,36.4607,10,4.2,mb,55,37,0.342,0.62,us,us6000jnuu,2023-02-19T20:23:02.040Z,"5 km NNW of Göksun, Turkey",earthquake,3.13,1.88,0.099,28,reviewed,us,us
2023-02-06T16:22:44.967Z,38.0189,36.5048,3.826,4.1,mb,22,77,0.394,0.55,us,us6000jnwi,2023-02-19T20:11:23.040Z,"0 km ESE of Göksun, Turkey",earthquake,2.61,6.205,0.213,6,reviewed,us,us
2023-02-06T16:21:46.033Z,38.0912,36.433,10,4.1,mb,33,49,0.316,1.08,us,us6000jnua,2023-02-19T19:14:24.040Z,"9 km NW of Göksun, Turkey",earthquake,1.65,1.901,0.198,7,reviewed,us,us
2023-02-06T16:10:43.265Z,36.1064,35.7822,10,4.5,mb,47,54,1.565,0.7,us,us6000jlt0,2023-02-19T18:50:24.040Z,"23 km W of Uzunba?, Turkey",earthquake,2.92,1.86,0.106,26,reviewed,us,us
2023-02-06T16:06:42.958Z,37.9972,36.9911,10,4.3,mb,52,51,0.609,0.83,us,us6000jlsy,2023-02-19T18:34:21.040Z,"18 km WSW of Ekinözü, Turkey",earthquake,3.24,1.158,0.119,20,reviewed,us,us
2023-02-06T15:59:27.990Z,38.0709,37.5505,10,4.2,mb,44,75,0.937,1.22,us,us6000jnwa,2023-02-19T18:27:08.040Z,"15 km NE of Nurhak, Turkey",earthquake,2.25,1.916,0.141,14,reviewed,us,us
2023-02-06T15:52:44.320Z,37.868,37.8519,15.594,4.3,mb,48,97,0.862,0.93,us,us6000jnu2,2023-02-19T18:17:18.040Z,"9 km NW of Tut, Turkey",earthquake,3.78,4.05,0.114,22,reviewed,us,us
2023-02-06T15:33:32.721Z,38.19,38.1756,7.43,5.4,mwr,112,29,1.273,0.8,us,us6000jlsu,2023-02-19T18:26:24.910Z,"13 km SSW of Ye?ilyurt, Turkey",earthquake,5.06,1.918,0.08,15,reviewed,us,us
2023-02-06T15:14:34.398Z,37.8789,37.7345,10,5.4,mb,132,28,0.82,0.81,us,us6000jlsq,2023-02-19T18:15:34.170Z,"13 km NE of Gölba??, Turkey",earthquake,5.22,1.804,0.042,188,reviewed,us,us
2023-02-06T14:57:46.881Z,38.0486,37.825,10,4.4,mb,67,52,0.996,1.14,us,us6000jlsn,2023-02-19T17:29:57.040Z,"Central Turkey",earthquake,4.09,1.783,0.097,31,reviewed,us,us
2023-02-06T14:51:15.299Z,38.0706,38.404,10,4.4,mb,84,28,0.71,0.7,us,us6000jlsl,2023-02-19T17:11:56.040Z,"15 km ENE of Çelikhan, Turkey",earthquake,4.6,1.869,0.092,34,reviewed,us,us
2023-02-06T14:41:57.240Z,38.1827,37.7538,10,4.5,mb,60,65,1.075,1.08,us,us6000jlsj,2023-02-19T17:03:59.040Z,"14 km NW of Do?an?ehir, Turkey",earthquake,3.68,1.899,0.113,23,reviewed,us,us
2023-02-06T14:33:07.461Z,38.0365,37.8572,10,4.5,mb,39,83,0.968,0.54,us,us6000jntw,2023-02-19T16:53:51.040Z,"5 km SSW of Do?an?ehir, Turkey",earthquake,2.38,1.656,0.191,8,reviewed,us,us
2023-02-06T14:29:57.853Z,37.9977,36.4927,10,4.7,mb,104,39,0.413,0.89,us,us6000jlsf,2023-02-19T16:41:10.040Z,"2 km S of Göksun, Turkey",earthquake,3.64,1.831,0.066,70,reviewed,us,us
2023-02-06T14:27:43.394Z,36.8097,36.5387,10,4.5,mb,78,60,0.648,0.68,us,us6000jlse,2023-02-19T16:34:15.040Z,"Turkey-Syria border region",earthquake,1.71,1.83,0.076,51,reviewed,us,us
2023-02-06T14:17:18.865Z,37.8654,37.3406,21.395,4.4,mb,67,79,0.7,0.79,us,us6000jlsd,2023-02-19T16:20:01.040Z,"14 km SW of Nurhak, Turkey",earthquake,4.5,4.868,0.086,39,reviewed,us,us
2023-02-06T14:10:09.968Z,37.7257,37.385,10,4.5,mb,102,66,0.57,0.87,us,us6000jlsb,2023-02-19T16:13:59.040Z,"8 km ESE of Ça?layancerit, Turkey",earthquake,5.75,1.875,0.075,52,reviewed,us,us
2023-02-06T14:04:49.444Z,37.9944,36.4533,10,4.4,mb,67,36,0.413,0.64,us,us6000jls9,2023-02-19T16:04:09.040Z,"4 km SW of Göksun, Turkey",earthquake,2.34,1.873,0.098,30,reviewed,us,us
2023-02-06T14:03:08.552Z,38.2218,37.8545,10,4.3,mb,45,29,1.093,0.93,us,us6000jntu,2023-02-19T15:57:48.040Z,"Central Turkey",earthquake,4.44,1.883,0.137,15,reviewed,us,us
2023-02-06T13:58:50.413Z,38.0588,36.4642,10,4.3,mb,38,80,0.35,0.84,us,us6000jnts,2023-02-19T15:49:55.040Z,"5 km NW of Göksun, Turkey",earthquake,2.54,1.925,0.148,13,reviewed,us,us
2023-02-06T13:44:51.298Z,37.9405,37.4916,16.865,5,mb,106,64,0.799,0.71,us,us6000jls6,2023-02-19T15:29:19.859Z,"5 km ESE of Nurhak, Turkey",earthquake,3.9,3.84,0.055,105,reviewed,us,us
2023-02-06T13:39:24.254Z,38.0166,37.7013,10,5.3,mb,221,33,0.929,1.23,us,us6000jls3,2023-02-16T21:46:47.405Z,"16 km WSW of Do?an?ehir, Turkey",earthquake,5.36,1.802,0.044,176,reviewed,us,us
2023-02-06T13:36:08.640Z,36.3454,36.4775,10,4.2,mb,32,96,1.013,0.75,us,us6000jntr,2023-02-16T21:17:07.040Z,"5 km E of Uzunkavak, Turkey",earthquake,5.82,1.946,0.186,8,reviewed,us,us
2023-02-06T13:33:15.653Z,37.9231,37.5399,15.685,4.2,mb,32,64,0.794,1.06,us,us6000jnu9,2023-02-16T21:05:19.040Z,"9 km ESE of Nurhak, Turkey",earthquake,5.73,3.69,0.235,5,reviewed,us,us
2023-02-06T13:32:17.176Z,38.2874,38.3812,10,4.3,mb,31,62,0.914,0.57,us,us6000jnwm,2023-02-20T17:37:24.040Z,"8 km SE of Malatya, Turkey",earthquake,2.89,1.898,0.122,19,reviewed,us,us
2023-02-06T13:31:39.632Z,36.3959,36.3691,10,4.5,mb,33,103,1.027,0.62,us,us6000jntn,2023-02-16T20:43:35.040Z,"6 km NW of Uzunkavak, Turkey",earthquake,5.39,1.915,0.135,16,reviewed,us,us
2023-02-06T13:22:01.325Z,38.0367,37.3789,10.761,4.4,mb,40,71,0.874,0.49,us,us6000jntp,2023-02-15T22:48:17.040Z,"Central Turkey",earthquake,4.67,4.794,0.144,14,reviewed,us,us
2023-02-06T13:17:42.209Z,37.9951,36.3843,10,4.9,mb,106,30,0.412,0.78,us,us6000jls0,2023-02-15T23:06:10.217Z,"",earthquake,5.62,1.798,0.057,98,reviewed,us,us
2023-02-06T13:14:02.533Z,37.8769,37.8935,16.594,4.5,mb,28,154,1.88,1.01,us,us6000jntl,2023-02-15T15:38:40.040Z,"9 km NNW of Tut, Turkey",earthquake,6.91,5.047,0.131,17,reviewed,us,us
2023-02-06T13:12:27.843Z,37.9077,36.5237,10,4.8,mb,50,81,1.082,0.61,us,us6000jnvk,2023-02-14T23:14:32.040Z,"",earthquake,5.57,1.857,0.118,22,reviewed,us,us
2023-02-06T13:11:56.990Z,38.0104,36.6564,10,4.7,mb,61,42,0.945,0.74,us,us6000jlry,2023-02-14T22:54:42.040Z,"14 km E of Göksun, Turkey",earthquake,3.29,1.835,0.086,41,reviewed,us,us
2023-02-06T13:09:21.082Z,36.2061,36.2521,10,4.6,mb,39,102,2.685,0.51,us,us6000jntm,2023-02-14T22:50:11.040Z,"1 km SSW of Aç?kdere, Turkey",earthquake,9.07,1.888,0.113,23,reviewed,us,us
2023-02-06T13:07:45.530Z,38.0778,37.3746,18.767,5,mb,111,56,0.914,0.73,us,us6000jlrv,2023-02-14T21:45:43.508Z,"13 km NNW of Nurhak, Turkey",earthquake,6.01,4.064,0.052,115,reviewed,us,us
2023-02-06T13:06:38.866Z,37.9553,37.261,17.86,4.5,mb,52,105,0.783,0.91,us,us6000jnu4,2023-02-14T21:38:44.040Z,"13 km SSE of Ekinözü, Turkey",earthquake,1.99,4.512,0.108,25,reviewed,us,us
2023-02-06T13:03:18.930Z,38.0086,37.4892,16.477,4.6,mb,76,125,1.54,0.93,us,us6000jntk,2023-02-14T21:34:12.040Z,"Central Turkey",earthquake,5.69,4.021,0.085,41,reviewed,us,us
2023-02-06T13:00:18.096Z,38.1094,36.691,10,4.5,mb,34,97,0.994,0.63,us,us6000jlrt,2023-02-14T21:19:59.040Z,"Central Turkey",earthquake,4.18,1.761,0.115,22,reviewed,us,us
2023-02-06T12:54:40.287Z,37.7669,36.6981,10,4.6,mb,58,53,0.72,0.55,us,us6000jlrq,2023-02-07T09:54:04.040Z,"28 km NW of Kahramanmara?, Turkey",earthquake,5.54,1.886,0.094,34,reviewed,us,us
2023-02-06T12:48:00.893Z,38.0257,36.884,10,4.3,mb,36,61,0.891,0.54,us,us6000jlrp,2023-02-07T09:38:53.040Z,"Central Turkey",earthquake,3,1.944,0.142,14,reviewed,us,us
2023-02-06T12:36:36.913Z,38.101,38.2227,10,4.7,mb,39,110,1.227,0.39,us,us6000jlrk,2023-02-06T13:07:01.040Z,"8 km N of Çelikhan, Turkey",earthquake,5.81,1.922,0.095,34,reviewed,us,us
2023-02-06T12:34:43.520Z,38.1116,38.244,13.017,4.9,mb,38,95,1.247,0.79,us,us6000jlrj,2023-02-06T18:18:34.081Z,"9 km N of Çelikhan, Turkey",earthquake,5.28,4.691,0.123,21,reviewed,us,us
2023-02-06T12:32:48.345Z,37.9345,38.0571,16.472,4,mb,26,52,0.781,0.66,us,us6000jnwf,2023-02-19T06:09:47.040Z,"18 km WSW of Çelikhan, Turkey",earthquake,4.07,5.472,0.196,7,reviewed,us,us
2023-02-06T12:31:40.752Z,37.8798,37.4824,16.174,4.2,mb,36,60,0.739,0.36,us,us6000jntg,2023-02-18T08:47:18.040Z,"Central Turkey",earthquake,2.91,4.535,0.115,21,reviewed,us,us
2023-02-06T12:21:18.935Z,38.0517,36.4276,10.588,4.4,mb,37,75,0.92,0.46,us,us6000jlrh,2023-02-07T09:25:15.590Z,"7 km WNW of Göksun, Turkey",earthquake,4.25,4.68,0.126,18,reviewed,us,us
2023-02-06T12:13:47.350Z,37.9016,37.4176,10,4.8,mb,72,68,0.747,0.68,us,us6000jlrg,2023-02-06T12:52:12.040Z,"Central Turkey",earthquake,4.79,1.822,0.066,70,reviewed,us,us
2023-02-06T12:07:32.722Z,38.0169,36.4016,8.28,4.4,mb,21,74,0.39,0.34,us,us6000jnwq,2023-02-19T09:28:26.040Z,"8 km W of Göksun, Turkey",earthquake,2.47,4.863,0.19,8,reviewed,us,us
2023-02-06T12:02:11.825Z,38.0605,36.537,10,6,mb,116,29,0.958,1,us,us6000jlrc,2023-02-16T21:13:41.161Z,"5 km NE of Göksun, Turkey",earthquake,4.4,1.811,0.027,513,reviewed,us,us
2023-02-06T11:58:36.837Z,38.0358,37.5511,10,4.8,mb,58,73,0.904,0.61,us,us6000jlrb,2023-02-06T13:22:26.040Z,"12 km NE of Nurhak, Turkey",earthquake,3.42,1.866,0.073,58,reviewed,us,us
2023-02-06T11:55:57.601Z,38.0599,36.6805,7.09,4.3,mb,36,63,0.404,0.5,us,us6000jntd,2023-02-18T08:30:09.040Z,"16 km ENE of Göksun, Turkey",earthquake,3.17,6.263,0.137,15,reviewed,us,us
2023-02-06T11:51:21.916Z,38.0348,37.6784,15.908,4.5,mb,52,98,0.938,0.54,us,us6000jm76,2023-02-07T09:11:13.040Z,"17 km WSW of Do?an?ehir, Turkey",earthquake,5.11,4.392,0.096,32,reviewed,us,us
2023-02-06T11:50:05.703Z,37.9577,36.3019,10,4.5,mb,47,82,0.962,0.66,us,us6000jlra,2023-02-07T09:01:52.040Z,"Central Turkey",earthquake,4.38,1.512,0.106,26,reviewed,us,us
2023-02-06T11:44:09.385Z,38.1471,38.0506,16.478,4.3,mb,41,75,0.933,0.29,us,us6000jntb,2023-02-18T08:06:55.040Z,"17 km ENE of Do?an?ehir, Turkey",earthquake,2.19,4.815,0.126,18,reviewed,us,us
2023-02-06T11:39:41.423Z,38.0562,36.5829,10,4.8,mb,54,48,0.982,0.6,us,us6000jlr7,2023-02-06T14:14:34.040Z,"8 km ENE of Göksun, Turkey",earthquake,4.99,1.868,0.08,48,reviewed,us,us
2023-02-06T11:35:29.956Z,37.9614,37.3495,16.888,4.5,mb,78,64,0.796,0.48,us,us6000jlr9,2023-02-07T08:46:04.397Z,"7 km W of Nurhak, Turkey",earthquake,4.43,4.422,0.079,47,reviewed,us,us
2023-02-06T11:30:44.548Z,38.1794,37.955,11.962,4.1,mb,27,73,1.007,0.74,us,us6000jnuc,2023-02-18T10:49:18.040Z,"12 km NE of Do?an?ehir, Turkey",earthquake,4.47,5.314,0.158,12,reviewed,us,us
2023-02-06T11:28:33.812Z,37.9264,36.9995,18.104,4.2,mb,20,156,0.623,0.34,us,us6000jnwp,2023-02-19T06:33:53.040Z,"22 km SW of Ekinözü, Turkey",earthquake,5.95,7.845,0.186,8,reviewed,us,us
2023-02-06T11:28:01.748Z,37.9576,38.2435,15.558,4.3,mb,41,119,1.136,0.47,us,us6000jlr0,2023-02-07T06:10:59.040Z,"7 km S of Çelikhan, Turkey",earthquake,2.89,4.891,0.123,19,reviewed,us,us
2023-02-06T11:20:24.969Z,38.0274,37.7493,15.64,4.1,mb,18,82,0.955,0.52,us,us6000jnt9,2023-02-18T07:14:01.040Z,"12 km WSW of Do?an?ehir, Turkey",earthquake,4.16,3.036,0.234,5,reviewed,us,us
2023-02-06T11:11:41.258Z,37.82,37.2952,17.971,4.9,mb,65,74,0.65,0.83,us,us6000jlqx,2023-02-06T18:17:14.832Z,"8 km N of Ça?layancerit, Turkey",earthquake,5.77,4.455,0.082,47,reviewed,us,us
2023-02-06T11:05:35.084Z,38.0752,36.7588,5.968,5.1,mb,86,68,0.426,0.61,us,us6000jlqr,2023-02-20T09:23:49.233Z,"23 km SW of Af?in, Turkey",earthquake,5.12,4.724,0.071,64,reviewed,us,us
2023-02-06T11:04:38.987Z,38.0723,36.6628,15.349,4.2,mb,30,53,0.386,0.78,us,us6000jnt8,2023-02-18T07:05:06.040Z,"15 km ENE of Göksun, Turkey",earthquake,6.68,6.769,0.14,14,reviewed,us,us
2023-02-06T11:01:34.428Z,37.4806,37.2218,10,5,mb,27,239,1.746,0.78,us,us6000jlqy,2023-02-06T18:10:00.466Z,"6 km W of Pazarc?k, Turkey",earthquake,14.65,1.982,0.15,14,reviewed,us,us
2023-02-06T10:51:30.942Z,38.1236,38.0529,12.336,5.7,mb,88,69,1.162,0.97,us,us6000jlql,2023-02-08T06:06:26.219Z,"16 km ENE of Do?an?ehir, Turkey",earthquake,5.65,4.266,0.051,139,reviewed,us,us
2023-02-06T10:35:58.653Z,38.0084,37.7505,10,5.8,mb,67,67,0.939,0.88,us,us6000jlqe,2023-02-07T10:41:46.479Z,"13 km SW of Do?an?ehir, Turkey",earthquake,4.9,1.844,0.057,112,reviewed,us,us
2023-02-06T10:26:48.486Z,38.0302,37.9636,20.094,6,mb,59,63,1.045,0.62,us,us6000jm1y,2023-02-11T19:40:16.234Z,"Central Turkey",earthquake,2.91,4.649,0.084,53,reviewed,us,us
2023-02-06T10:24:49.258Z,38.0235,37.203,10,7.5,mww,135,17,0.85,0.93,us,us6000jlqa,2023-02-20T22:31:21.614Z,"4 km SSE of Ekinözü, Turkey",earthquake,4.94,1.824,0.041,58,reviewed,us,us
2023-02-06T09:36:16.401Z,37.1957,36.8183,10,4.3,mb,28,143,0.313,0.97,us,us6000jlq5,2023-02-06T10:41:01.284Z,"Central Turkey",earthquake,6.32,1.948,0.147,13,reviewed,us,us
2023-02-06T09:23:45.706Z,36.9839,36.4927,10,4.6,mb,54,78,0.603,0.84,us,us6000jlq1,2023-02-06T09:49:42.040Z,"Turkey-Syria border region",earthquake,5.61,1.882,0.086,40,reviewed,us,us
2023-02-06T09:21:02.855Z,37.9691,38.099,14.828,4.4,mb,34,144,1.976,0.78,us,us6000jlq2,2023-02-13T10:31:33.040Z,"eastern Turkey",earthquake,6.52,4.729,0.131,17,reviewed,us,us
2023-02-06T08:58:35.484Z,38.054,38.2569,15.265,4.5,mb,62,98,1.211,0.57,us,us6000jlpx,2023-02-06T14:34:04.040Z,"3 km NNE of Çelikhan, Turkey",earthquake,5.46,4.57,0.084,42,reviewed,us,us
2023-02-06T08:52:37.335Z,37.449,37.2334,10,4.8,mb,58,61,0.277,0.78,us,us6000jlpv,2023-02-06T09:31:48.040Z,"7 km SW of Pazarc?k, Turkey",earthquake,7.54,1.884,0.072,60,reviewed,us,us
2023-02-06T08:01:46.065Z,36.6629,36.477,10,4.5,mb,54,81,0.777,0.71,us,us6000jlpp,2023-02-06T10:38:08.040Z,"14 km SSW of A?a?? Karafak?l?, Turkey",earthquake,3.28,1.904,0.093,34,reviewed,us,us
2023-02-06T07:41:14.045Z,37.8608,38.086,10,4.6,mb,38,100,0.979,0.44,us,us6000jlpi,2023-02-09T08:19:35.040Z,"16 km ENE of Tut, Turkey",earthquake,4.25,1.695,0.114,23,reviewed,us,us
2023-02-06T07:08:31.825Z,36.7072,36.6722,13.429,4.6,mb,61,157,0.633,0.5,us,us6000jlpb,2023-02-06T22:24:05.795Z,"12 km SE of A?a?? Karafak?l?, Turkey",earthquake,3.82,5.269,0.105,27,reviewed,us,us
2023-02-06T06:54:57.488Z,37.6414,37.3835,10,4.8,mb,85,69,0.489,0.55,us,us6000jlp9,2023-02-06T07:16:55.040Z,"",earthquake,8.95,1.871,0.065,74,reviewed,us,us
2023-02-06T06:26:29.533Z,37.483,37.1811,10,4.6,mb,50,99,0.311,0.64,us,us6000jlsg,2023-02-06T15:34:10.040Z,"10 km W of Pazarc?k, Turkey",earthquake,5.34,1.915,0.095,33,reviewed,us,us
2023-02-06T06:26:10.752Z,36.5684,36.0133,10,4.6,mb,32,97,1.133,0.55,us,us6000jlp5,2023-02-06T10:49:17.040Z,"14 km W of ?skenderun, Turkey",earthquake,10.03,1.921,0.107,26,reviewed,us,us
2023-02-06T05:55:51.598Z,37.9912,38.4376,16.542,4.5,mb,51,104,1.273,0.58,us,us6000jlp1,2023-02-06T06:13:26.040Z,"16 km WSW of Sincik, Turkey",earthquake,4.74,4.727,0.093,34,reviewed,us,us
2023-02-06T05:36:33.996Z,36.3185,36.2325,10.617,4.6,mb,57,133,1.158,0.53,us,us6000jlp0,2023-02-06T05:56:51.040Z,"3 km E of Anayaz?, Turkey",earthquake,7.53,5.353,0.081,45,reviewed,us,us
2023-02-06T05:31:23.531Z,38.1466,37.9304,10,4.4,mb,37,85,1.129,0.92,us,us6000jlnz,2023-02-06T16:08:17.040Z,"8 km NE of Do?an?ehir, Turkey",earthquake,3.07,1.91,0.118,21,reviewed,us,us
2023-02-06T05:22:50.001Z,37.7548,37.9481,10,4.4,mb,35,101,0.827,0.65,us,us6000jlnx,2023-02-06T15:52:05.040Z,"5 km SSE of Tut, Turkey",earthquake,3.34,1.912,0.11,24,reviewed,us,us
2023-02-06T05:01:51.307Z,37.7637,37.9099,20.234,4.6,mb,52,99,0.812,0.63,us,us6000jlnv,2023-02-06T05:49:30.040Z,"Central Turkey",earthquake,5.84,5.119,0.073,56,reviewed,us,us
2023-02-06T04:56:05.209Z,37.4399,37.1504,15.136,4.6,mb,58,71,0.271,0.88,us,us6000jlnu,2023-02-07T00:26:00.040Z,"14 km WSW of Pazarc?k, Turkey",earthquake,6.65,5.128,0.083,43,reviewed,us,us
2023-02-06T04:47:57.486Z,36.7445,36.4537,10,4.4,mb,48,148,0.741,1.13,us,us6000jlns,2023-02-06T05:09:29.040Z,"8 km SW of Hassa, Turkey",earthquake,3.53,1.92,0.106,26,reviewed,us,us
2023-02-06T04:39:47.705Z,37.8053,37.4694,14.865,4.3,mb,42,97,0.665,0.76,us,us6000jlnq,2023-02-06T06:34:43.040Z,"14 km W of Gölba??, Turkey",earthquake,2.98,5.708,0.105,26,reviewed,us,us
2023-02-06T04:18:46.788Z,38.2034,38.5363,14.464,5,mb,95,44,1.472,0.86,us,us6000jlnf,2023-02-06T19:50:36.936Z,"eastern Turkey",earthquake,6.57,4.287,0.057,99,reviewed,us,us
2023-02-06T04:16:49.487Z,37.5032,37.3323,13.215,4.5,mb,57,74,0.345,0.76,us,us6000jlnd,2023-02-06T04:39:00.585Z,"3 km ENE of Pazarc?k, Turkey",earthquake,5.37,5.371,0.093,34,reviewed,us,us
2023-02-06T04:14:19.101Z,38.2387,38.581,16.715,4.4,mb,42,183,2.319,0.99,us,us6000jlne,2023-02-06T06:16:55.040Z,"22 km N of Sincik, Turkey",earthquake,8.94,6.142,0.101,28,reviewed,us,us
2023-02-06T04:04:23.657Z,37.7879,37.4088,14.137,4.3,mb,39,106,0.635,0.58,us,us6000jlnc,2023-02-06T04:20:28.040Z,"11 km ENE of Ça?layancerit, Turkey",earthquake,6.11,5.858,0.109,24,reviewed,us,us
2023-02-06T03:45:48.563Z,38.1983,38.5977,15.415,4.8,mb,97,66,1.504,0.75,us,us6000jln9,2023-02-06T04:33:27.159Z,"18 km N of Sincik, Turkey",earthquake,5.44,4.074,0.07,63,reviewed,us,us
2023-02-06T03:28:46.802Z,38.0757,38.5607,15.951,4.4,mb,26,145,1.402,0.58,us,us6000jln5,2023-02-06T04:23:56.040Z,"6 km NW of Sincik, Turkey",earthquake,5.98,5.029,0.149,13,reviewed,us,us
2023-02-06T03:12:12.595Z,37.4711,37.3091,12.567,4.5,mb,52,79,3.561,0.99,us,us6000jln3,2023-02-06T06:07:10.575Z,"1 km SSE of Pazarc?k, Turkey",earthquake,9.53,4.642,0.083,42,reviewed,us,us
2023-02-06T03:10:21.025Z,37.7473,37.8035,21.433,4.4,mb,61,95,0.744,0.77,us,us6000jln6,2023-02-07T00:52:12.040Z,"7 km NW of Besni, Turkey",earthquake,5.14,4.493,0.08,45,reviewed,us,us
2023-02-06T03:04:45.466Z,38.1844,38.4761,17.922,4.7,mb,91,66,1.425,0.86,us,us6000jln0,2023-02-06T03:36:13.040Z,"20 km NW of Sincik, Turkey",earthquake,6.21,4.213,0.067,67,reviewed,us,us
2023-02-06T02:54:00.615Z,36.6379,36.3874,10,4.6,mb,87,72,0.848,1,us,us6000jlmv,2023-02-06T04:57:12.221Z,"15 km E of Denizciler, Turkey",earthquake,6.37,1.884,0.064,74,reviewed,us,us
2023-02-06T02:23:14.645Z,37.2035,36.9702,11.411,5.2,mb,107,36,0.194,0.81,us,us6000jlmn,2023-02-06T03:22:25.602Z,"21 km E of Nurda??, Turkey",earthquake,5.15,4.282,0.061,88,reviewed,us,us
2023-02-06T02:21:17.499Z,37.0893,36.6997,10,4.2,mb,27,102,0.416,0.89,us,us6000jmn5,2023-02-09T04:58:45.040Z,"Central Turkey",earthquake,5.1,1.917,0.118,20,reviewed,us,us
2023-02-06T02:17:40.302Z,37.0791,36.6898,10,4.8,mb,39,191,0.426,0.69,us,us6000jlmm,2023-02-06T02:51:13.040Z,"10 km SSW of Nurda??, Turkey",earthquake,3.45,1.957,0.1,31,reviewed,us,us
2023-02-06T02:16:04.118Z,36.876,36.6494,10,4.1,mb,14,210,0.537,0.63,us,us6000jmn3,2023-02-09T04:44:32.040Z,"13 km NE of A?a?? Karafak?l?, Turkey",earthquake,5.85,2,0.234,5,reviewed,us,us
2023-02-06T02:06:24.022Z,37.8592,38.1822,15.108,4.9,mb,85,67,1.034,0.9,us,us6000jmn0,2023-02-09T04:30:51.040Z,"13 km NW of Ad?yaman, Turkey",earthquake,4.63,4.395,0.069,67,reviewed,us,us
2023-02-06T02:03:36.258Z,37.7769,37.9199,10,5.5,mb,64,45,0.827,0.8,us,us6000jlmh,2023-02-07T02:09:13.772Z,"2 km S of Tut, Turkey",earthquake,5.18,1.806,0.055,114,reviewed,us,us
2023-02-06T02:01:45.663Z,37.3549,37.0939,10.358,4.8,mb,53,81,0.204,0.9,us,us6000jlmy,2023-02-06T03:14:00.040Z,"23 km SW of Pazarc?k, Turkey",earthquake,4.9,4.435,0.089,39,reviewed,us,us
2023-02-06T01:58:23.594Z,37.1023,36.6056,10,5.1,mb,65,121,0.488,0.72,us,us6000jlmf,2023-02-06T02:48:59.040Z,"6 km ESE of Hasanbeyli, Turkey",earthquake,6.15,1.867,0.072,62,reviewed,us,us
2023-02-06T01:51:43.437Z,37.4754,37.1529,7.008,4.7,mb,73,95,0.306,0.69,us,us6000jm4n,2023-02-15T06:08:55.040Z,"13 km W of Pazarc?k, Turkey",earthquake,5.38,4.384,0.08,47,reviewed,us,us
2023-02-06T01:50:10.120Z,38.2291,38.7493,14.835,4.8,mb,76,112,2.359,0.66,us,us6000jns9,2023-02-15T06:02:49.040Z,"24 km NNE of Sincik, Turkey",earthquake,6.99,4.674,0.094,35,reviewed,us,us
2023-02-06T01:48:12.420Z,37.9874,38.1051,10,4.9,mb,56,96,1.081,1.03,us,us6000jlmd,2023-02-07T01:51:45.040Z,"12 km WSW of Çelikhan, Turkey",earthquake,6.23,1.9,0.09,39,reviewed,us,us
2023-02-06T01:41:15.229Z,37.9786,38.5121,14.415,4.6,mb,49,112,2.268,0.66,us,us6000jnvq,2023-02-15T05:46:57.040Z,"10 km SW of Sincik, Turkey",earthquake,5.02,5.113,0.119,21,reviewed,us,us
2023-02-06T01:36:27.357Z,36.9921,36.6832,10,5.6,mb,167,47,0.458,0.59,us,us6000jlm9,2023-02-15T04:12:06.711Z,"Turkey-Syria border region",earthquake,6.2,1.76,0.052,128,reviewed,us,us
2023-02-06T01:28:15.984Z,37.1784,36.9468,10.708,6.7,mww,192,19,0.21,0.57,us,us6000jlm1,2023-02-17T18:05:47.295Z,"Central Turkey",earthquake,8.97,3.408,0.098,10,reviewed,us,us
2023-02-06T01:26:50.760Z,37.2241,36.9749,10,5.7,mb,97,75,0.194,1.33,us,us6000jlnn,2023-02-15T03:13:13.851Z,"",earthquake,5.4,1.828,0.072,69,reviewed,us,us
2023-02-06T01:17:34.362Z,37.2251,37.0209,10,7.8,mww,230,17,0.16,0.67,us,us6000jllz,2023-02-22T17:44:36.957Z,"26 km ENE of Nurda??, Turkey",earthquake,5.2,1.796,0.05,38,reviewed,us,us
2023-02-04T02:45:46.062Z,34.3437,45.7045,10,4.7,mb,50,67,3.414,0.69,us,us6000jlbp,2023-02-04T10:42:19.958Z,"Iran-Iraq border region",earthquake,8.61,1.777,0.06,83,reviewed,us,us
2023-02-03T11:05:09.361Z,37.2003,36.4998,10,4.2,mb,39,137,0.568,0.64,us,us6000jl5l,2023-02-12T07:23:30.040Z,"Central Turkey",earthquake,4.01,1.924,0.132,16,reviewed,us,us
